Cannondale,Habit Carbon SE,S,,habit carbon SE,,,,,,,,,
Cannondale,Habit Carbon SE,M,,habit carbon SE,,,,,,,,,
Cannondale,Habit Carbon SE,L,,habit carbon SE,,,,,,,,,
Cannondale,Habit Carbon SE,XL,,habit carbon SE,,,,,,,,,
Cannondale,Scalpel HM Carbon Race,M,,scalpel carbon race,,,,,,,,,
Cannondale,Scalpel HM Carbon Race,L,,scalpel carbon race,,,,,,,,,
Cannondale,Bad Habit Carbon 2,M,,bad habit carbon 2,,,,,,,,,
Cannondale,Bad Habit Carbon 2,L,,bad habit carbon 2,,,,,,,,,
Cannondale,Moterra,M,ebike,moterra,,,,,,,,,
Cannondale,Moterra,L,ebike,moterra,,,,,,,,,
Cannondale,Beast of the East 1,M,,beast of the east 1,,,,,,,,,
Cannondale,Beast of the East 2,L,,beast of the east 2,,,,,,,,,
Cannondale,Fat CAAD 1,M,fat bike,fat caad,,,,,,,,,
Cannondale,Fat CAAD 1,L,fat bike,fat caad,,,,,,,,,
Cannondale,FSi HM 1 (MY16),M,,FSi HM 1 (MY16),,,,,,,,,
Cannondale,FSi HM 1 (MY16),L,,FSi HM 1 (MY16),,,,,,,,,
Cannondale,Super Six Evo Disc Ultegra HM,52,Road,Super Six Evo Disc Ultegra HM,,,,,,,,,
Cannondale,Super Six Evo Disc Ultegra HM,54,Road,Super Six Evo Disc Ultegra HM,,,,,,,,,
Cannondale,Super Six Evo Disc Ultegra HM,56,Road,Super Six Evo Disc Ultegra HM,,,,,,,,,
Cannondale,Super Six Evo Disc Ultegra HM,58,Road,Super Six Evo Disc Ultegra HM,,,,,,,,,
Cannondale,Synapse Team HM,51,Road,Synapse Team HM,,,,,,,,,
Cannondale,Synapse Team HM,54,Road,Synapse Team HM,,,,,,,,,
Cannondale,Synapse Team HM,56,Road,Synapse Team HM,,,,,,,,,
Cannondale,Synapse Team HM,58,Road,Synapse Team HM,,,,,,,,,
Cannondale,Synapse Women's Ultegra Disc,48,Road,Synapse Women’s Ultegra Disc,,,,,,,,,
Cannondale,Synapse Women's Ultegra Disc,51,Road,Synapse Women’s Ultegra Disc,,,,,,,,,
Cannondale,CAAD12 Dura Ace Disc (MY16),52,Road,CAAD12 Dura Ace Disc (MY16),,,,,,,,,
Cannondale,CAAD12 Dura Ace Disc (MY16),54,Road,CAAD12 Dura Ace Disc (MY16),,,,,,,,,
Cannondale,CAAD12 Dura Ace Disc (MY16),56,Road,CAAD12 Dura Ace Disc (MY16),,,,,,,,,
Cannondale,CAAD12 Dura Ace Disc (MY16),58,Road,CAAD12 Dura Ace Disc (MY16),,,,,,,,,
Cannondale,Slate CX1,M,Road,slate CX1,,,,,,,,,
Cannondale,Slate CX1,L,Road,slate CX1,,,,,,,,,
Cotic,Flare,S,,flare.jpg,,,,,,,,,
Cotic,Flare,M,,flare.jpg,,,,,,,,,
Cotic,Flare,L,,flare.jpg,,,,,,,,,
Cotic,FlareMAX,L,,flaremax.jpg,,,,,,,,,
Cotic,FlareMAX,XL,,flaremax.jpg,,,,,,,,,
Cotic,Rocket,S,,rocket.jpg,,,,,,,,,
Cotic,Rocket,M,,rocket.jpg,,,,,,,,,
Cotic,Rocket,L,,rocket.jpg,,,,,,,,,
Cotic,Rocket,XL,,rocket.jpg,,,,,,,,,
Cotic,RocketMAX,M,,rocketmax.jpg,,,,,,,,,
Cotic,RocketMAX,L,,rocketmax.jpg,,,,,,,,,
Cotic,RocketMAX,XL,,rocketmax.jpg,,,,,,,,,
Cotic,Soul,M,,soul.jpg,,,,,,,,,
Cotic,Soul,L,,soul.jpg,,,,,,,,,
Cotic,SolarisMAX,M,,solarismax8.jpg,,,,,,,,,
Cotic,SolarisMAX,L,,solarismax8.jpg,,,,,,,,,
Cotic,BFe275,M,,BFE275,,,,,,,,,
Cotic,BFe275,L,,BFE275,,,,,,,,,
Cube,Sting WLS 140 SL 27.5 2x team wls,13.5,,sting wls 140,,,,,,,,,
Cube,Sting WLS 140 SL 27.5 2x team wls,16,,sting wls 140,,,,,,,,,
Cube,Stereo 140 HPA Race 27.5,16,,stereo 140 HPA,,,,,,,,,
Cube,Stereo 140 HPA Race 27.5,18,,stereo 140 HPA,,,,,,,,,
Cube,Stereo 140 HPA Race 27.5,20,,stereo 140 HPA,,,,,,,,,
Cube,Stereo 140 HPA Race 27.5,22,,stereo 140 HPA,,,,,,,,,
Cube,Stereo 140 C:62 Race 27.5 carbon,16,,stereo 140 c,,,,,,,,,
Cube,Stereo 140 C:62 Race 27.5 carbon,18,,stereo 140 c,,,,,,,,,
Cube,Stereo 140 C:62 SL 27.5 carbon,18,,stereo 140 c sl,,,,,,,,,
Cube,Stereo 140 C:62 Race 27.5 carbon,20,,stereo 140 c,,,,,,,,,
Cube,Stereo 140 C:62 Race 27.5 carbon,20,,stereo 140 c,,,,,,,,,
Cube,Stereo 140 C:62 Race 27.5 carbon,22,,stereo 140 c,,,,,,,,,
Cube,Stereo 140 C:62 SL 29 carbon,18,,stereo 140 c sl,,,,,,,,,
Cube,Stereo 140 C:62 SL 29 carbon,20,,stereo 140 c sl,,,,,,,,,
Cube,Stereo 140 C:62 SL 29 carbon,22,,stereo 140 c sl,,,,,,,,,
Cube,Stereo 160 HPA TM 27.5,16,,sterep 160 HPA,,,,,,,,,
Cube,Stereo 160 HPA TM 27.5,18,,sterep 160 HPA,,,,,,,,,
Cube,Stereo 160 HPA TM 27.5,20,,sterep 160 HPA,,,,,,,,,
Cube,Stereo 160 HPA TM 27.5,20,,sterep 160 HPA,,,,,,,,,
Cube,Stereo 160 HPA TM 27.5,22,,sterep 160 HPA,,,,,,,,,
Cube,Access WLS Hybrid Race 500,14,ebike,access wls hybrid,,,,,,,,,
Cube,Access WLS Hybrid Race 500,16,ebike,access wls hybrid,,,,,,,,,
Cube,Stereo Hybrid 140 HPA Pro 400 27.5,16,ebike,Stereo Hybrid 140 HPA Pro 400 27.5,,,,,,,,,
Cube,Stereo Hybrid 140 HPA Pro 400 27.5,18,ebike,Stereo Hybrid 140 HPA Pro 400 27.5,,,,,,,,,
Cube,Stereo Hybrid 140 HPA Pro 400 27.5,18,ebike,Stereo Hybrid 140 HPA Pro 400 27.5,,,,,,,,,
Cube,Stereo Hybrid 140 HPA Pro 400 27.5,20,ebike,Stereo Hybrid 140 HPA Pro 400 27.5,,,,,,,,,
Cube,Stereo Hybrid 140 HPA Pro 400 27.5,20,ebike,Stereo Hybrid 140 HPA Pro 400 27.5,,,,,,,,,
Cube,Stereo Hybrid 140 HPA Pro 400 27.5,22,ebike,Stereo Hybrid 140 HPA Pro 400 27.5,,,,,,,,,
Cube,Stereo Hybrid 140 HPA SL 500 27.5+,18,ebike,Stereo Hybrid 140 HPA SL 500 27.5+,,,,,,,,,
Evil,Following,Large,,following evil,,,,,,,,,
Evil,Insurgent,Medium,,insurgent evil,,,,,,,,,
Evil,Wreckoning,Medium,,Wreckoning X1_blue_blue fork.jpg,,,,,,,,,
Evil,Calling,Large,,Calling Bike X10 Dolphine Front.jpg,,,,,,,,,
Genesis,Tarn 20,Small,,genesis tarn 20,,,,,,,,,
Genesis,Tarn 20,Medium,,genesis tarn 20,,,,,,,,,
Genesis,Tarn 20,Large,,genesis tarn 20,,,,,,,,,
Genesis,Tarn 20,XL,,genesis tarn 20,,,,,,,,,
Genesis,Croix de Fer 20,Small,Road,genesis croix de fer 20,,,,,,,,,
Genesis,Croix de Fer 20,Medium,Road,genseis croix de fer 20,,,,,,,,,
Genesis,Croix de Fer 20,Large,Road,genesis croix de fer 20,,,,,,,,,
Genesis,Zero Di2,Large,Road,genesis zero di2 ,,,,,,,,,
Geometron,Geometron G13,Long,,geometron g1,,,,,,,,,
Geometron,Geometron G13,Longer,,geometron g1,,,,,,,,,
Geometron,Geometron G13,Longest,,geometron g1,,,,,,,,,
Geometron,Geometron G13,X-Longest,,geometron g1,,,,,,,,,
Geometron,Geometron G16,Long,,geometron g1,,,,,,,,,
Geometron,Geometron G16,Longer,,geometron g1,,,,,,,,,
Geometron,Geometron G16,Longest,,geometron g1,,,,,,,,,
Geometron,Geometron G16,X-Longest,,geometron g1,,,,,,,,,
Geometron,Geometron GPI (Pinion Gearbox),Longer,,geometron g1,,,,,,,,,
Geometron,Geometron G19,Longer,,geometron g1,,,,,,,,,
Geometron,Geometron G19,Longest,,geometron g1,,,,,,,,,
Geometron,Argon,Longer,,geometron g1,,,,,,,,,
Ghost,FR AMR 6 Suspension Bike Raw Alu,Medium,,FR AMR 6 Suspension Bike Raw Alu,,,,,,,,,
Ghost,FR AMR 6 Suspension Bike Raw Alu,Large,,FR AMR 6 Suspension Bike Raw Alu,,,,,,,,,
Ghost,SL AMR X 8 Carbon Suspension Bike ,Medium,,SL AMR X 8 Carbon Suspension Bike ,,,,,,,,,
Ghost,SL AMR X 8 Carbon Suspension Bike,Large,,SL AMR X 8 Carbon Suspension Bike ,,,,,,,,,
Ibis,Mojo 3,Small,,mojo3-red-xx1-plus-310116__high-res.jpg,,,,,,,,,
Ibis,Mojo 3,Medium,,mojo3-red-xx1-plus-310116__high-res.jpg,,,,,,,,,
Ibis,Mojo 3,Large,,mojo3-red-xx1-plus-310116__high-res.jpg,,,,,,,,,
Ibis,Ripley LS,Medium,,ripley_x01_black_with_941__high-res.jpg,,,,,,,,,
Ibis,Ripley LS,Large,,ripley_x01_black_with_941__high-res.jpg,,,,,,,,,
Ibis,Mojo HD3,Medium,,mojohd3-xtr1x-werx-nextsl-green__high-res.jpg,,,,,,,,,
Ibis,Mojo HD3,Large,,mojohd3-xtr1x-werx-nextsl-green__high-res.jpg,,,,,,,,,
Ibis,Mojo HD3,XL,,mojohd3-xtr1x-werx-nextsl-green__high-res.jpg,,,,,,,,,
Intense,ACV Pro,L,,avc pro,,,,,,,,,
Intense,ACV Pro,L,,avc pro,,,,,,,,,
Intense,ACV Pro,M,,avc pro,,,,,,,,,
Intense,ACV Pro,S,,avc pro,,,,,,,,,
Intense,Primer Factory,L,,primer factory,,,,,,,,,
Intense,Primer Factory,L,,primer factory,,,,,,,,,
Intense,Primer Factory,M,,primer factory,,,,,,,,,
Intense,Primer Factory,XL,,primer factory,,,,,,,,,
Intense,Recluse Factory,M,,primer factory,,,,,,,,,
Intense,Recluse Elite,M,,recluse elite buld,,,,,,,,,
Intense,Recluse Elite,L,,recluse elite buld,,,,,,,,,
Intense,Recluse Elite,XL,,recluse elite buld,,,,,,,,,
Intense,Spider Expert,L,,spider Expert build,,,,,,,,,
Intense,Spider Pro,M,,spider pro build,,,,,,,,,
Intense,Spider Foundation,L,,spider foundation build ,,,,,,,,,
Intense,Tracer Factory,L,,tracer factory,,,,,,,,,
Intense,Tracer Factory,L,,tracer factory,,,,,,,,,
Intense,Tracer Factory,XL,,tracer factory,,,,,,,,,
Intense,Tracer Pro,M,,tracer pro,,,,,,,,,
Marin,Attack Trail 8,Small,,attack trail 8,,,,,,,,,
Marin,Attack Trail 8,Medium,,attack trail 9,,,,,,,,,
Marin,Attack Trail 8,Medium,,attack trail 10,,,,,,,,,
Marin,Attack Trail 8,Large,,attack trail 11,,,,,,,,,
Marin,Attack Trail 8,Large,,attack trail 12,,,,,,,,,
Marin,Attack Trail 8,XL,,attack trail 13,,,,,,,,,
Marin,Hawk Hill,Medium,,hawk hill,,,,,,,,,
Marin,Hawk Hill,Large,,hawk hill,,,,,,,,,
Marin,Hawk Hill,XL,,hawk hill,,,,,,,,,
Marin,Mount Vision 8,Medium,,mount vision 8,,,,,,,,,
Marin,Mount Vision 8,Medium,,mount vision 8,,,,,,,,,
Marin,Mount Vision 8,Large,,mount vision 8,,,,,,,,,
Marin,Rift Zone 8,Medium,,rift zone 8,,,,,,,,,
Marin,Rift Zone 8,Large,,rift zone 8,,,,,,,,,
Mondraker,Factor+ XR,Medium,,Factor XR Plus_p.jpg,,,,,,,,,
Mondraker,Factor+ XR,Large,,Factor XR Plus_p.jpg,,,,,,,,,
Mondraker,Foxy Carbon XR,Medium,,Foxy Carbon XR_p.jpg,,,,,,,,,
Mondraker,Foxy Carbon XR,Large,,Foxy Carbon XR_p.jpg,,,,,,,,,
Mondraker,Dune Carbon R,Medium,,Dune Carbon_R_p.jpg,,,,,,,,,
Mondraker,Dune Carbon R,Large,,Dune Carbon_R_p.jpg,,,,,,,,,
Mondraker,Dune R,X-Large,,Dune Alloy_R_p.jpg,,,,,,,,,
Mondraker,eCrafty+ XR,Large,,e-Crafty XR Plus_p.jpg,,,,,,,,,
Mondraker,ePrime R,Medium,,e-Prime R Plus_p.jpg,,,,,,,,,
Niner,Rip 9 RDO,Large,,niner rip 9,,,,,,,,,
Niner,Rip 9 RDO,XL,,niner rip 9,,,,,,,,,
Niner,Jet 9 RDO,Large,,niner jet 9,,,,,,,,,
Niner,Jet 9 RDO,XL,,niner jet 9,,,,,,,,,
NS,NS Bikes Snabb E1,Medium,,NS E1,,,,,,,,,
NS,NS Bikes Snabb E1,Large,,NS E1,,,,,,,,,
NS,NS Bikes Snabb T1,Medium,,NS T1,,,,,,,,,
NS,NS Bikes Snabb Plus 1,Large,,NS Plus 1,,,,,,,,,
Nukeproof,Mega 290 Pro,Medium,,290 pro,,,,,,,,,
Nukeproof,Mega 290 Pro,Large,,290 pro,,,,,,,,,
Nukeproof,Mega 290 Pro,Large,,290 pro,,,,,,,,,
Nukeproof,Mega 275 Pro,Medium,,275 pro,,,,,,,,,
Nukeproof,Mega 275 Pro,Large,,275 pro,,,,,,,,,
Nukeproof,Mega 275 Pro,XL,,275 pro,,,,,,,,,
Nukeproof,Mega 275 Comp,Medium,,275 comp,,,,,,,,,
Nukeproof,Mega 275 Comp,Large,,275 comp,,,,,,,,,
Orange,Stage 5,M,,stage 5,,,,,,,,,
Orange,Stage 5,XL,,stage 5,,,,,,,,,
Orange,Five,S,,Five,,,,,,,,,
Orange,Five,M,,Five,,,,,,,,,
Orange,Four,M,,Four,,,,,,,,,
Ridley,X Night,54,CX,x-night,,,,,,,,,
Ridley,Liz SL,XXS,Road,liz sl,,,,,,,,,
Ridley,Jane SL,XS,Road,jane sl,,,,,,,,,
Ridley,Fenix SL 30,Medium,Road,fenix sl,,,,,,,,,
Ridley,X Trail,Large,Mixed terrain,x-trail,,,,,,,,,
Ridley,Fenix Disc,Large,Road,fenix disc,,,,,,,,,
Ridley,Noah SL Di2,Large,Road,noah sl u di2,,,,,,,,,
Saracen,Kili Flyer Elite,Small,,kili flyer elite,,,,,,,,,
Saracen,Kili Flyer Elite,Large,,kili flyer elite,,,,,,,,,
Saracen,Kili Flyer Elite,XL,,kili flyer elite,,,,,,,,,
Saracen,Ariel 150 X,XL,,Ariel 150,,,,,,,,,
Scott,Scale 710 PLUS,Small,,scott scale 710 PLUS,,,,,,,,,
Scott,Scale 710 PLUS,Medium,,scott scale 710 PLUS,,,,,,,,,
Scott,Scale 710 PLUS,Large,,scott scale 710 PLUS,,,,,,,,,
Scott,Spark 700,Medium,,scott spark 700,,,,,,,,,
Scott,Spark 700,Large,,scott spark 700,,,,,,,,,
Scott,Spark 710 ,Small,,scott spark 710,,,,,,,,,
Scott,Spark 710,Medium,,scott spark 710,,,,,,,,,
Scott,Spark 710,Large,,scott spark 710,,,,,,,,,
Scott,Spark 910,Medium,,scott spark 910,,,,,,,,,
Scott,Spark 910,Large,,scott spark 910,,,,,,,,,
Scott,Spark 910,XL,,scott spark 910,,,,,,,,,
Scott,Genius 710 PLUS,Small,,scott genius 710 plus,,,,,,,,,
Scott,Genius 710 PLUS,Medium,,scott genius 710 plus,,,,,,,,,
Scott,Genius 710 PLUS,Large,,scott genius 710 plus,,,,,,,,,
Scott,E-Genius 710 PLUS,Medium,ebike,scott e-genius 710 PLUS,,,,,,,,,
Scott,E-Genius 710 PLUS,Large,ebike,scott e-genius 710 PLUS,,,,,,,,,
Stif,Morf,Short,,stif,,,,,,,,,
Stif,Morf,Medium,,stif,,,,,,,,,
Stif,Morf,Long,,stif,,,,,,,,,
Yeti,SB45 T Series,Medium,,SB45,,,,,,,,,
Yeti,SB45 T Series,Large,,SB45,,,,,,,,,
Yeti,SB5 BETI T Series,Small,,SB5 BETI,,,,,,,,,
Yeti,SB5 T Series,Medium,,SB5,,,,,,,,,
Yeti,SB5 T Series,Large,,SB5,,,,,,,,,
Yeti,SB5 + T Series,Large,,SB5+,,,,,,,,,
Yeti,SB5 + T Series,Medium,,SB5+,,,,,,,,,
Yeti,SB55 T Series,Medium,,2017_YetiCycles_SB55_TS_Silver.jpg,,,,,,,,,
Yeti,SB55 T Series,Large,,2017_YetiCycles_SB55_TS_Silver.jpg,,,,,,,,,
Yeti,SB6 T Series,Medium,,SB6,,,,,,,,,
Yeti,SB6 T Series,Large,,SB6,,,,,,,,,
Zerode,Taniwha,Medium,,zerode,,,,,,,,,
Zerode,Taniwha,Large,,zerode,,,,,,,,,
Zerode,Taniwha,XL,,zerode,,,,,,,,,